num eva opt Sys;timeBestOptSys;time convert;time seider;sum time;eva opt Sys;spot optA;spotF1;spotF2;sumRMS tom;sumRMS zemax;V1;V2;V3;V1 Z;V2 Z;V3 Z;step V1;step V2;stepV3
numOptSys, timeToGetBestOptSys, time convert, seidelTime, evaluatedOptSys, spotOptAxisTOM, spotField1TOM, spotField2TOM, sumRMS_TOM, sumRMS_Zemax, V0TOM, V1TOM, V2TOM, V0Zemax, V1Zemax, V2Zemax, stepV0, stepV1, stepV2;0,000000;0,000209;0,000022;0,000386;0,000617;39,000000;6610,213734;6112,365976;6222,488119;18945,067829;276,124000;-190,000000;-30,000000;-25,000000;15,502000;-30,000000;-20,000000;10,000000;999,000000;999,000000
numOptSys, timeToGetBestOptSys, time convert, seidelTime, evaluatedOptSys, spotOptAxisTOM, spotField1TOM, spotField2TOM, sumRMS_TOM, sumRMS_Zemax, V0TOM, V1TOM, V2TOM, V0Zemax, V1Zemax, V2Zemax, stepV0, stepV1, stepV2;0,000000;0,000219;0,000023;0,000368;0,000610;38,000000;6610,404326;6112,540943;6222,665595;18945,610865;276,124000;-190,100000;-30,000000;-25,000000;15,502000;-30,000000;-20,000000;9,900000;999,000000;999,000000
numOptSys, timeToGetBestOptSys, time convert, seidelTime, evaluatedOptSys, spotOptAxisTOM, spotField1TOM, spotField2TOM, sumRMS_TOM, sumRMS_Zemax, V0TOM, V1TOM, V2TOM, V0Zemax, V1Zemax, V2Zemax, stepV0, stepV1, stepV2;0,000000;0,000202;0,000026;0,000359;0,000587;38,000000;6610,594719;6112,715726;6222,842885;18946,153330;276,124000;-190,200000;-30,000000;-25,000000;15,502000;-30,000000;-20,000000;9,800000;999,000000;999,000000
numOptSys, timeToGetBestOptSys, time convert, seidelTime, evaluatedOptSys, spotOptAxisTOM, spotField1TOM, spotField2TOM, sumRMS_TOM, sumRMS_Zemax, V0TOM, V1TOM, V2TOM, V0Zemax, V1Zemax, V2Zemax, stepV0, stepV1, stepV2;0,000000;0,000207;0,000024;0,000378;0,000609;39,000000;6610,784912;6112,890326;6223,019989;18946,695227;276,124000;-190,300000;-30,000000;-25,000000;15,502000;-30,000000;-20,000000;9,700000;999,000000;999,000000
numOptSys, timeToGetBestOptSys, time convert, seidelTime, evaluatedOptSys, spotOptAxisTOM, spotField1TOM, spotField2TOM, sumRMS_TOM, sumRMS_Zemax, V0TOM, V1TOM, V2TOM, V0Zemax, V1Zemax, V2Zemax, stepV0, stepV1, stepV2;0,000000;0,000206;0,000021;0,000389;0,000616;39,000000;6610,974906;6113,064743;6223,196907;18947,236556;276,124000;-190,400000;-30,000000;-25,000000;15,502000;-30,000000;-20,000000;9,600000;999,000000;999,000000
numOptSys, timeToGetBestOptSys, time convert, seidelTime, evaluatedOptSys, spotOptAxisTOM, spotField1TOM, spotField2TOM, sumRMS_TOM, sumRMS_Zemax, V0TOM, V1TOM, V2TOM, V0Zemax, V1Zemax, V2Zemax, stepV0, stepV1, stepV2;0,000000;0,000226;0,000022;0,000358;0,000606;40,000000;6611,164701;6113,238977;6223,373640;18947,777317;276,124000;-190,500000;-30,000000;-25,000000;15,502000;-30,000000;-20,000000;9,500000;999,000000;999,000000
numOptSys, timeToGetBestOptSys, time convert, seidelTime, evaluatedOptSys, spotOptAxisTOM, spotField1TOM, spotField2TOM, sumRMS_TOM, sumRMS_Zemax, V0TOM, V1TOM, V2TOM, V0Zemax, V1Zemax, V2Zemax, stepV0, stepV1, stepV2;0,000000;0,000206;0,000022;0,000372;0,000600;40,000000;6611,354297;6113,413029;6223,550186;18948,317512;276,124000;-190,600000;-30,000000;-25,000000;15,502000;-30,000000;-20,000000;9,400000;999,000000;999,000000
numOptSys, timeToGetBestOptSys, time convert, seidelTime, evaluatedOptSys, spotOptAxisTOM, spotField1TOM, spotField2TOM, sumRMS_TOM, sumRMS_Zemax, V0TOM, V1TOM, V2TOM, V0Zemax, V1Zemax, V2Zemax, stepV0, stepV1, stepV2;0,000000;0,000213;0,000028;0,000399;0,000640;41,000000;6611,543696;6113,586898;6223,726548;18948,857142;276,124000;-190,700000;-30,000000;-25,000000;15,502000;-30,000000;-20,000000;9,300000;999,000000;999,000000
numOptSys, timeToGetBestOptSys, time convert, seidelTime, evaluatedOptSys, spotOptAxisTOM, spotField1TOM, spotField2TOM, sumRMS_TOM, sumRMS_Zemax, V0TOM, V1TOM, V2TOM, V0Zemax, V1Zemax, V2Zemax, stepV0, stepV1, stepV2;0,000000;0,000208;0,000024;0,000392;0,000623;41,000000;6611,732896;6113,760586;6223,902725;18949,396208;276,124000;-190,800000;-30,000000;-25,000000;15,502000;-30,000000;-20,000000;9,200000;999,000000;999,000000
numOptSys, timeToGetBestOptSys, time convert, seidelTime, evaluatedOptSys, spotOptAxisTOM, spotField1TOM, spotField2TOM, sumRMS_TOM, sumRMS_Zemax, V0TOM, V1TOM, V2TOM, V0Zemax, V1Zemax, V2Zemax, stepV0, stepV1, stepV2;0,000000;0,000217;0,000027;0,000375;0,000618;40,000000;6611,921899;6113,934092;6224,078718;18949,934709;276,124000;-190,900000;-30,000000;-25,000000;15,502000;-30,000000;-20,000000;9,100000;999,000000;999,000000
numOptSys, timeToGetBestOptSys, time convert, seidelTime, evaluatedOptSys, spotOptAxisTOM, spotField1TOM, spotField2TOM, sumRMS_TOM, sumRMS_Zemax, V0TOM, V1TOM, V2TOM, V0Zemax, V1Zemax, V2Zemax, stepV0, stepV1, stepV2;0,000000;0,000213;0,000024;0,000399;0,000635;42,000000;6612,110705;6114,107417;6224,254527;18950,472648;276,124000;-191,000000;-30,000000;-25,000000;15,502000;-30,000000;-20,000000;9,000000;999,000000;999,000000
numOptSys, timeToGetBestOptSys, time convert, seidelTime, evaluatedOptSys, spotOptAxisTOM, spotField1TOM, spotField2TOM, sumRMS_TOM, sumRMS_Zemax, V0TOM, V1TOM, V2TOM, V0Zemax, V1Zemax, V2Zemax, stepV0, stepV1, stepV2;0,000000;0,000209;0,000023;0,000387;0,000619;42,000000;6612,299314;6114,280561;6224,430151;18951,010026;276,124000;-191,100000;-30,000000;-25,000000;15,502000;-30,000000;-20,000000;8,900000;999,000000;999,000000
numOptSys, timeToGetBestOptSys, time convert, seidelTime, evaluatedOptSys, spotOptAxisTOM, spotField1TOM, spotField2TOM, sumRMS_TOM, sumRMS_Zemax, V0TOM, V1TOM, V2TOM, V0Zemax, V1Zemax, V2Zemax, stepV0, stepV1, stepV2;0,000000;0,000211;0,000023;0,000405;0,000639;43,000000;6612,487726;6114,453524;6224,605592;18951,546842;276,124000;-191,200000;-30,000000;-25,000000;15,502000;-30,000000;-20,000000;8,800000;999,000000;999,000000
numOptSys, timeToGetBestOptSys, time convert, seidelTime, evaluatedOptSys, spotOptAxisTOM, spotField1TOM, spotField2TOM, sumRMS_TOM, sumRMS_Zemax, V0TOM, V1TOM, V2TOM, V0Zemax, V1Zemax, V2Zemax, stepV0, stepV1, stepV2;0,000000;0,000214;0,000025;0,000395;0,000633;42,000000;6612,675942;6114,626307;6224,780850;18952,083098;276,124000;-191,300000;-30,000000;-25,000000;15,502000;-30,000000;-20,000000;8,700000;999,000000;999,000000
numOptSys, timeToGetBestOptSys, time convert, seidelTime, evaluatedOptSys, spotOptAxisTOM, spotField1TOM, spotField2TOM, sumRMS_TOM, sumRMS_Zemax, V0TOM, V1TOM, V2TOM, V0Zemax, V1Zemax, V2Zemax, stepV0, stepV1, stepV2;0,000000;0,000215;0,000025;0,000424;0,000664;44,000000;6612,863961;6114,798910;6224,955924;18952,618795;276,124000;-191,400000;-30,000000;-25,000000;15,502000;-30,000000;-20,000000;8,600000;999,000000;999,000000
numOptSys, timeToGetBestOptSys, time convert, seidelTime, evaluatedOptSys, spotOptAxisTOM, spotField1TOM, spotField2TOM, sumRMS_TOM, sumRMS_Zemax, V0TOM, V1TOM, V2TOM, V0Zemax, V1Zemax, V2Zemax, stepV0, stepV1, stepV2;0,000000;0,000216;0,000025;0,000448;0,000689;45,000000;6613,051786;6114,971332;6225,130816;18953,153934;276,124000;-191,500000;-30,000000;-25,000000;15,502000;-30,000000;-20,000000;8,500000;999,000000;999,000000
numOptSys, timeToGetBestOptSys, time convert, seidelTime, evaluatedOptSys, spotOptAxisTOM, spotField1TOM, spotField2TOM, sumRMS_TOM, sumRMS_Zemax, V0TOM, V1TOM, V2TOM, V0Zemax, V1Zemax, V2Zemax, stepV0, stepV1, stepV2;0,000000;0,000214;0,000024;0,000448;0,000686;45,000000;6613,239414;6115,143576;6225,305526;18953,688516;276,124000;-191,600000;-30,000000;-25,000000;15,502000;-30,000000;-20,000000;8,400000;999,000000;999,000000
numOptSys, timeToGetBestOptSys, time convert, seidelTime, evaluatedOptSys, spotOptAxisTOM, spotField1TOM, spotField2TOM, sumRMS_TOM, sumRMS_Zemax, V0TOM, V1TOM, V2TOM, V0Zemax, V1Zemax, V2Zemax, stepV0, stepV1, stepV2;0,000000;0,000219;0,000025;0,000441;0,000685;45,000000;6613,426848;6115,315640;6225,480053;18954,222540;276,124000;-191,700000;-30,000000;-25,000000;15,502000;-30,000000;-20,000000;8,300000;999,000000;999,000000
numOptSys, timeToGetBestOptSys, time convert, seidelTime, evaluatedOptSys, spotOptAxisTOM, spotField1TOM, spotField2TOM, sumRMS_TOM, sumRMS_Zemax, V0TOM, V1TOM, V2TOM, V0Zemax, V1Zemax, V2Zemax, stepV0, stepV1, stepV2;0,000000;0,000225;0,000025;0,000474;0,000724;46,000000;6613,614087;6115,487524;6225,654398;18954,756009;276,124000;-191,800000;-30,000000;-25,000000;15,502000;-30,000000;-20,000000;8,200000;999,000000;999,000000
numOptSys, timeToGetBestOptSys, time convert, seidelTime, evaluatedOptSys, spotOptAxisTOM, spotField1TOM, spotField2TOM, sumRMS_TOM, sumRMS_Zemax, V0TOM, V1TOM, V2TOM, V0Zemax, V1Zemax, V2Zemax, stepV0, stepV1, stepV2;0,000000;0,000220;0,000027;0,000465;0,000712;47,000000;6613,801131;6115,659230;6225,828562;18955,288924;276,124000;-191,900000;-30,000000;-25,000000;15,502000;-30,000000;-20,000000;8,100000;999,000000;999,000000
numOptSys, timeToGetBestOptSys, time convert, seidelTime, evaluatedOptSys, spotOptAxisTOM, spotField1TOM, spotField2TOM, sumRMS_TOM, sumRMS_Zemax, V0TOM, V1TOM, V2TOM, V0Zemax, V1Zemax, V2Zemax, stepV0, stepV1, stepV2;0,000000;0,000216;0,000026;0,000453;0,000695;46,000000;6613,987981;6115,830758;6226,002544;18955,821284;276,124000;-192,000000;-30,000000;-25,000000;15,502000;-30,000000;-20,000000;8,000000;999,000000;999,000000
numOptSys, timeToGetBestOptSys, time convert, seidelTime, evaluatedOptSys, spotOptAxisTOM, spotField1TOM, spotField2TOM, sumRMS_TOM, sumRMS_Zemax, V0TOM, V1TOM, V2TOM, V0Zemax, V1Zemax, V2Zemax, stepV0, stepV1, stepV2;0,000000;0,000224;0,000028;0,000522;0,000774;48,000000;6614,174638;6116,002108;6226,176346;18956,353091;276,124000;-192,100000;-30,000000;-25,000000;15,502000;-30,000000;-20,000000;7,900000;999,000000;999,000000
numOptSys, timeToGetBestOptSys, time convert, seidelTime, evaluatedOptSys, spotOptAxisTOM, spotField1TOM, spotField2TOM, sumRMS_TOM, sumRMS_Zemax, V0TOM, V1TOM, V2TOM, V0Zemax, V1Zemax, V2Zemax, stepV0, stepV1, stepV2;0,000000;0,000226;0,000028;0,000509;0,000763;49,000000;6614,361100;6116,173279;6226,349966;18956,884346;276,124000;-192,200000;-30,000000;-25,000000;15,502000;-30,000000;-20,000000;7,800000;999,000000;999,000000
numOptSys, timeToGetBestOptSys, time convert, seidelTime, evaluatedOptSys, spotOptAxisTOM, spotField1TOM, spotField2TOM, sumRMS_TOM, sumRMS_Zemax, V0TOM, V1TOM, V2TOM, V0Zemax, V1Zemax, V2Zemax, stepV0, stepV1, stepV2;0,000000;0,000223;0,000028;0,000496;0,000747;48,000000;6614,547370;6116,344273;6226,523406;18957,415049;276,124000;-192,300000;-30,000000;-25,000000;15,502000;-30,000000;-20,000000;7,700000;999,000000;999,000000
numOptSys, timeToGetBestOptSys, time convert, seidelTime, evaluatedOptSys, spotOptAxisTOM, spotField1TOM, spotField2TOM, sumRMS_TOM, sumRMS_Zemax, V0TOM, V1TOM, V2TOM, V0Zemax, V1Zemax, V2Zemax, stepV0, stepV1, stepV2;0,000000;0,000234;0,000029;0,000529;0,000791;50,000000;6614,733446;6116,515090;6226,696666;18957,945202;276,124000;-192,400000;-30,000000;-25,000000;15,502000;-30,000000;-20,000000;7,600000;999,000000;999,000000
numOptSys, timeToGetBestOptSys, time convert, seidelTime, evaluatedOptSys, spotOptAxisTOM, spotField1TOM, spotField2TOM, sumRMS_TOM, sumRMS_Zemax, V0TOM, V1TOM, V2TOM, V0Zemax, V1Zemax, V2Zemax, stepV0, stepV1, stepV2;0,000000;0,000239;0,000028;0,000577;0,000844;51,000000;325,682513;317,281060;294,142590;937,106163;276,124000;17,500000;-30,000000;-25,000000;15,502000;-30,000000;-20,000000;7,500000;999,000000;999,000000
numOptSys, timeToGetBestOptSys, time convert, seidelTime, evaluatedOptSys, spotOptAxisTOM, spotField1TOM, spotField2TOM, sumRMS_TOM, sumRMS_Zemax, V0TOM, V1TOM, V2TOM, V0Zemax, V1Zemax, V2Zemax, stepV0, stepV1, stepV2;0,000000;0,000243;0,000028;0,000534;0,000805;51,000000;169,403419;190,725289;249,474754;609,603463;276,124000;14,600000;-30,000000;-25,000000;15,502000;-30,000000;-20,000000;7,400000;999,000000;999,000000
numOptSys, timeToGetBestOptSys, time convert, seidelTime, evaluatedOptSys, spotOptAxisTOM, spotField1TOM, spotField2TOM, sumRMS_TOM, sumRMS_Zemax, V0TOM, V1TOM, V2TOM, V0Zemax, V1Zemax, V2Zemax, stepV0, stepV1, stepV2;0,000000;0,000241;0,000028;0,000541;0,000809;52,000000;884,102173;905,056986;967,785761;2756,944920;276,124000;11,700000;-30,000000;-25,000000;15,502000;-30,000000;-20,000000;7,300000;999,000000;999,000000
numOptSys, timeToGetBestOptSys, time convert, seidelTime, evaluatedOptSys, spotOptAxisTOM, spotField1TOM, spotField2TOM, sumRMS_TOM, sumRMS_Zemax, V0TOM, V1TOM, V2TOM, V0Zemax, V1Zemax, V2Zemax, stepV0, stepV1, stepV2;0,000000;0,000240;0,000027;0,000533;0,000801;52,000000;114,428118;115,319436;127,612226;357,359781;276,124000;16,000000;-30,000000;-25,000000;15,502000;-30,000000;-20,000000;7,200000;999,000000;999,000000
numOptSys, timeToGetBestOptSys, time convert, seidelTime, evaluatedOptSys, spotOptAxisTOM, spotField1TOM, spotField2TOM, sumRMS_TOM, sumRMS_Zemax, V0TOM, V1TOM, V2TOM, V0Zemax, V1Zemax, V2Zemax, stepV0, stepV1, stepV2;0,000000;0,000243;0,000029;0,000544;0,000816;53,000000;518,903470;538,481911;596,470293;1653,855674;276,124000;13,000000;-30,000000;-25,000000;15,502000;-30,000000;-20,000000;7,100000;999,000000;999,000000
numOptSys, timeToGetBestOptSys, time convert, seidelTime, evaluatedOptSys, spotOptAxisTOM, spotField1TOM, spotField2TOM, sumRMS_TOM, sumRMS_Zemax, V0TOM, V1TOM, V2TOM, V0Zemax, V1Zemax, V2Zemax, stepV0, stepV1, stepV2;0,000000;0,000249;0,000028;0,000539;0,000816;55,000000;257,186252;249,801670;230,906251;737,894174;276,124000;17,000000;-30,000000;-25,000000;15,502000;-30,000000;-20,000000;7,000000;999,000000;999,000000
numOptSys, timeToGetBestOptSys, time convert, seidelTime, evaluatedOptSys, spotOptAxisTOM, spotField1TOM, spotField2TOM, sumRMS_TOM, sumRMS_Zemax, V0TOM, V1TOM, V2TOM, V0Zemax, V1Zemax, V2Zemax, stepV0, stepV1, stepV2;0,000000;0,000252;0,000029;0,000558;0,000840;54,000000;309,665719;329,422200;386,710309;1025,798229;276,124000;13,900000;-30,000000;-25,000000;15,502000;-30,000000;-20,000000;6,900000;999,000000;999,000000
numOptSys, timeToGetBestOptSys, time convert, seidelTime, evaluatedOptSys, spotOptAxisTOM, spotField1TOM, spotField2TOM, sumRMS_TOM, sumRMS_Zemax, V0TOM, V1TOM, V2TOM, V0Zemax, V1Zemax, V2Zemax, stepV0, stepV1, stepV2;0,000000;0,000244;0,000029;0,000573;0,000846;55,000000;338,981814;330,449284;306,760970;976,192068;276,124000;17,600000;-30,000000;-25,000000;15,502000;-30,000000;-20,000000;6,800000;999,000000;999,000000
numOptSys, timeToGetBestOptSys, time convert, seidelTime, evaluatedOptSys, spotOptAxisTOM, spotField1TOM, spotField2TOM, sumRMS_TOM, sumRMS_Zemax, V0TOM, V1TOM, V2TOM, V0Zemax, V1Zemax, V2Zemax, stepV0, stepV1, stepV2;0,000000;0,000249;0,000028;0,000545;0,000822;56,000000;207,239057;227,906591;286,061396;721,207043;276,124000;14,400000;-30,000000;-25,000000;15,502000;-30,000000;-20,000000;6,700000;999,000000;999,000000
numOptSys, timeToGetBestOptSys, time convert, seidelTime, evaluatedOptSys, spotOptAxisTOM, spotField1TOM, spotField2TOM, sumRMS_TOM, sumRMS_Zemax, V0TOM, V1TOM, V2TOM, V0Zemax, V1Zemax, V2Zemax, stepV0, stepV1, stepV2;0,000000;0,000258;0,000027;0,000555;0,000839;57,000000;365,172959;356,425279;331,830264;1053,428502;276,124000;17,800000;-30,000000;-25,000000;15,502000;-30,000000;-20,000000;6,600000;999,000000;999,000000
numOptSys, timeToGetBestOptSys, time convert, seidelTime, evaluatedOptSys, spotOptAxisTOM, spotField1TOM, spotField2TOM, sumRMS_TOM, sumRMS_Zemax, V0TOM, V1TOM, V2TOM, V0Zemax, V1Zemax, V2Zemax, stepV0, stepV1, stepV2;0,000000;0,000254;0,000027;0,000543;0,000824;58,000000;188,062381;209,031825;267,472818;664,567024;276,124000;14,500000;-30,000000;-25,000000;15,502000;-30,000000;-20,000000;6,500000;999,000000;999,000000
numOptSys, timeToGetBestOptSys, time convert, seidelTime, evaluatedOptSys, spotOptAxisTOM, spotField1TOM, spotField2TOM, sumRMS_TOM, sumRMS_Zemax, V0TOM, V1TOM, V2TOM, V0Zemax, V1Zemax, V2Zemax, stepV0, stepV1, stepV2;0,000000;0,000257;0,000028;0,000537;0,000822;59,000000;338,981814;330,449284;306,760970;976,192068;276,124000;17,600000;-30,000000;-25,000000;15,502000;-30,000000;-20,000000;6,400000;999,000000;999,000000
numOptSys, timeToGetBestOptSys, time convert, seidelTime, evaluatedOptSys, spotOptAxisTOM, spotField1TOM, spotField2TOM, sumRMS_TOM, sumRMS_Zemax, V0TOM, V1TOM, V2TOM, V0Zemax, V1Zemax, V2Zemax, stepV0, stepV1, stepV2;0,000000;0,000262;0,000029;0,000557;0,000848;60,000000;246,969443;267,166830;324,854308;838,990582;276,124000;14,200000;-30,000000;-25,000000;15,502000;-30,000000;-20,000000;6,300000;999,000000;999,000000
numOptSys, timeToGetBestOptSys, time convert, seidelTime, evaluatedOptSys, spotOptAxisTOM, spotField1TOM, spotField2TOM, sumRMS_TOM, sumRMS_Zemax, V0TOM, V1TOM, V2TOM, V0Zemax, V1Zemax, V2Zemax, stepV0, stepV1, stepV2;0,000000;0,000259;0,000029;0,000542;0,000830;61,000000;257,186252;249,801670;230,906251;737,894174;276,124000;17,000000;-30,000000;-25,000000;15,502000;-30,000000;-20,000000;6,200000;999,000000;999,000000
numOptSys, timeToGetBestOptSys, time convert, seidelTime, evaluatedOptSys, spotOptAxisTOM, spotField1TOM, spotField2TOM, sumRMS_TOM, sumRMS_Zemax, V0TOM, V1TOM, V2TOM, V0Zemax, V1Zemax, V2Zemax, stepV0, stepV1, stepV2;0,000000;0,000264;0,000027;0,000548;0,000838;62,000000;398,714305;418,228238;475,512994;1292,455537;276,124000;13,500000;-30,000000;-25,000000;15,502000;-30,000000;-20,000000;6,100000;999,000000;999,000000
numOptSys, timeToGetBestOptSys, time convert, seidelTime, evaluatedOptSys, spotOptAxisTOM, spotField1TOM, spotField2TOM, sumRMS_TOM, sumRMS_Zemax, V0TOM, V1TOM, V2TOM, V0Zemax, V1Zemax, V2Zemax, stepV0, stepV1, stepV2;0,000000;0,000267;0,000029;0,000541;0,000838;63,000000;114,428118;115,319436;127,612226;357,359781;276,124000;16,000000;-30,000000;-25,000000;15,502000;-30,000000;-20,000000;6,000000;999,000000;999,000000
numOptSys, timeToGetBestOptSys, time convert, seidelTime, evaluatedOptSys, spotOptAxisTOM, spotField1TOM, spotField2TOM, sumRMS_TOM, sumRMS_Zemax, V0TOM, V1TOM, V2TOM, V0Zemax, V1Zemax, V2Zemax, stepV0, stepV1, stepV2;0,000000;0,000285;0,000030;0,000549;0,000864;64,000000;677,221362;697,248861;756,936283;2131,406506;276,124000;12,400000;-30,000000;-25,000000;15,502000;-30,000000;-20,000000;5,900000;999,000000;999,000000
numOptSys, timeToGetBestOptSys, time convert, seidelTime, evaluatedOptSys, spotOptAxisTOM, spotField1TOM, spotField2TOM, sumRMS_TOM, sumRMS_Zemax, V0TOM, V1TOM, V2TOM, V0Zemax, V1Zemax, V2Zemax, stepV0, stepV1, stepV2;0,000000;0,000269;0,000029;0,000554;0,000852;64,000000;169,403419;190,725289;249,474754;609,603463;276,124000;14,600000;-30,000000;-25,000000;15,502000;-30,000000;-20,000000;5,800000;999,000000;999,000000
numOptSys, timeToGetBestOptSys, time convert, seidelTime, evaluatedOptSys, spotOptAxisTOM, spotField1TOM, spotField2TOM, sumRMS_TOM, sumRMS_Zemax, V0TOM, V1TOM, V2TOM, V0Zemax, V1Zemax, V2Zemax, stepV0, stepV1, stepV2;0,000000;0,000274;0,000030;0,000553;0,000858;67,000000;200,250155;194,486447;182,290523;577,027125;276,124000;16,600000;-30,000000;-25,000000;15,502000;-30,000000;-20,000000;5,700000;999,000000;999,000000
numOptSys, timeToGetBestOptSys, time convert, seidelTime, evaluatedOptSys, spotOptAxisTOM, spotField1TOM, spotField2TOM, sumRMS_TOM, sumRMS_Zemax, V0TOM, V1TOM, V2TOM, V0Zemax, V1Zemax, V2Zemax, stepV0, stepV1, stepV2;0,000000;0,000275;0,000027;0,000578;0,000881;67,000000;569,888558;589,577356;648,035357;1807,501272;276,124000;12,800000;-30,000000;-25,000000;15,502000;-30,000000;-20,000000;5,600000;999,000000;999,000000
numOptSys, timeToGetBestOptSys, time convert, seidelTime, evaluatedOptSys, spotOptAxisTOM, spotField1TOM, spotField2TOM, sumRMS_TOM, sumRMS_Zemax, V0TOM, V1TOM, V2TOM, V0Zemax, V1Zemax, V2Zemax, stepV0, stepV1, stepV2;0,000000;0,000280;0,000027;0,000559;0,000865;68,000000;188,062381;209,031825;267,472818;664,567024;276,124000;14,500000;-30,000000;-25,000000;15,502000;-30,000000;-20,000000;5,500000;999,000000;999,000000
numOptSys, timeToGetBestOptSys, time convert, seidelTime, evaluatedOptSys, spotOptAxisTOM, spotField1TOM, spotField2TOM, sumRMS_TOM, sumRMS_Zemax, V0TOM, V1TOM, V2TOM, V0Zemax, V1Zemax, V2Zemax, stepV0, stepV1, stepV2;0,000000;0,000287;0,000028;0,000567;0,000883;71,000000;114,428118;115,319436;127,612226;357,359781;276,124000;16,000000;-30,000000;-25,000000;15,502000;-30,000000;-20,000000;5,400000;999,000000;999,000000
numOptSys, timeToGetBestOptSys, time convert, seidelTime, evaluatedOptSys, spotOptAxisTOM, spotField1TOM, spotField2TOM, sumRMS_TOM, sumRMS_Zemax, V0TOM, V1TOM, V2TOM, V0Zemax, V1Zemax, V2Zemax, stepV0, stepV1, stepV2;0,000000;0,000283;0,000029;0,000567;0,000879;71,000000;298,678479;290,599502;268,809569;858,087549;276,124000;17,300000;-30,000000;-25,000000;15,502000;-30,000000;-20,000000;5,300000;999,000000;999,000000
numOptSys, timeToGetBestOptSys, time convert, seidelTime, evaluatedOptSys, spotOptAxisTOM, spotField1TOM, spotField2TOM, sumRMS_TOM, sumRMS_Zemax, V0TOM, V1TOM, V2TOM, V0Zemax, V1Zemax, V2Zemax, stepV0, stepV1, stepV2;0,000000;0,000302;0,000030;0,000566;0,000898;72,000000;469,609947;489,122984;546,745280;1505,478211;276,124000;13,200000;-30,000000;-25,000000;15,502000;-30,000000;-20,000000;5,200000;999,000000;999,000000
numOptSys, timeToGetBestOptSys, time convert, seidelTime, evaluatedOptSys, spotOptAxisTOM, spotField1TOM, spotField2TOM, sumRMS_TOM, sumRMS_Zemax, V0TOM, V1TOM, V2TOM, V0Zemax, V1Zemax, V2Zemax, stepV0, stepV1, stepV2;0,000000;0,000295;0,000030;0,000565;0,000890;74,000000;246,969443;267,166830;324,854308;838,990582;276,124000;14,200000;-30,000000;-25,000000;15,502000;-30,000000;-20,000000;5,100000;999,000000;999,000000
numOptSys, timeToGetBestOptSys, time convert, seidelTime, evaluatedOptSys, spotOptAxisTOM, spotField1TOM, spotField2TOM, sumRMS_TOM, sumRMS_Zemax, V0TOM, V1TOM, V2TOM, V0Zemax, V1Zemax, V2Zemax, stepV0, stepV1, stepV2;0,000000;0,000298;0,000028;0,000594;0,000920;76,000000;102,085393;125,210031;184,716530;412,011954;276,124000;15,000000;-30,000000;-25,000000;15,502000;-30,000000;-20,000000;5,000000;999,000000;999,000000
numOptSys, timeToGetBestOptSys, time convert, seidelTime, evaluatedOptSys, spotOptAxisTOM, spotField1TOM, spotField2TOM, sumRMS_TOM, sumRMS_Zemax, V0TOM, V1TOM, V2TOM, V0Zemax, V1Zemax, V2Zemax, stepV0, stepV1, stepV2;0,000000;0,000310;0,000030;0,000607;0,000948;77,000000;69,290151;82,904997;124,784510;276,979659;276,124000;15,600000;-30,000000;-25,000000;15,502000;-30,000000;-20,000000;4,900000;999,000000;999,000000
numOptSys, timeToGetBestOptSys, time convert, seidelTime, evaluatedOptSys, spotOptAxisTOM, spotField1TOM, spotField2TOM, sumRMS_TOM, sumRMS_Zemax, V0TOM, V1TOM, V2TOM, V0Zemax, V1Zemax, V2Zemax, stepV0, stepV1, stepV2;0,000000;0,000306;0,000027;0,000588;0,000922;79,000000;114,428118;115,319436;127,612226;357,359781;276,124000;16,000000;-30,000000;-25,000000;15,502000;-30,000000;-20,000000;4,800000;999,000000;999,000000
numOptSys, timeToGetBestOptSys, time convert, seidelTime, evaluatedOptSys, spotOptAxisTOM, spotField1TOM, spotField2TOM, sumRMS_TOM, sumRMS_Zemax, V0TOM, V1TOM, V2TOM, V0Zemax, V1Zemax, V2Zemax, stepV0, stepV1, stepV2;0,000000;0,000337;0,000029;0,000580;0,000946;81,000000;142,506424;140,164682;141,358618;424,029723;276,124000;16,200000;-30,000000;-25,000000;15,502000;-30,000000;-20,000000;4,700000;999,000000;999,000000
numOptSys, timeToGetBestOptSys, time convert, seidelTime, evaluatedOptSys, spotOptAxisTOM, spotField1TOM, spotField2TOM, sumRMS_TOM, sumRMS_Zemax, V0TOM, V1TOM, V2TOM, V0Zemax, V1Zemax, V2Zemax, stepV0, stepV1, stepV2;0,000000;0,000317;0,000030;0,000626;0,000972;82,000000;142,506424;140,164682;141,358618;424,029723;276,124000;16,200000;-30,000000;-25,000000;15,502000;-30,000000;-20,000000;4,600000;999,000000;999,000000
numOptSys, timeToGetBestOptSys, time convert, seidelTime, evaluatedOptSys, spotOptAxisTOM, spotField1TOM, spotField2TOM, sumRMS_TOM, sumRMS_Zemax, V0TOM, V1TOM, V2TOM, V0Zemax, V1Zemax, V2Zemax, stepV0, stepV1, stepV2;0,000000;0,000320;0,000029;0,000592;0,000941;84,000000;114,428118;115,319436;127,612226;357,359781;276,124000;16,000000;-30,000000;-25,000000;15,502000;-30,000000;-20,000000;4,500000;999,000000;999,000000
numOptSys, timeToGetBestOptSys, time convert, seidelTime, evaluatedOptSys, spotOptAxisTOM, spotField1TOM, spotField2TOM, sumRMS_TOM, sumRMS_Zemax, V0TOM, V1TOM, V2TOM, V0Zemax, V1Zemax, V2Zemax, stepV0, stepV1, stepV2;0,000000;0,000327;0,000028;0,000620;0,000975;86,000000;69,290151;82,904997;124,784510;276,979659;276,124000;15,600000;-30,000000;-25,000000;15,502000;-30,000000;-20,000000;4,400000;999,000000;999,000000
numOptSys, timeToGetBestOptSys, time convert, seidelTime, evaluatedOptSys, spotOptAxisTOM, spotField1TOM, spotField2TOM, sumRMS_TOM, sumRMS_Zemax, V0TOM, V1TOM, V2TOM, V0Zemax, V1Zemax, V2Zemax, stepV0, stepV1, stepV2;0,000000;0,000331;0,000036;0,000613;0,000979;89,000000;102,085393;125,210031;184,716530;412,011954;276,124000;15,000000;-30,000000;-25,000000;15,502000;-30,000000;-20,000000;4,300000;999,000000;999,000000
numOptSys, timeToGetBestOptSys, time convert, seidelTime, evaluatedOptSys, spotOptAxisTOM, spotField1TOM, spotField2TOM, sumRMS_TOM, sumRMS_Zemax, V0TOM, V1TOM, V2TOM, V0Zemax, V1Zemax, V2Zemax, stepV0, stepV1, stepV2;0,000000;0,000361;0,000028;0,000621;0,001010;91,000000;246,969443;267,166830;324,854308;838,990582;276,124000;14,200000;-30,000000;-25,000000;15,502000;-30,000000;-20,000000;4,200000;999,000000;999,000000
numOptSys, timeToGetBestOptSys, time convert, seidelTime, evaluatedOptSys, spotOptAxisTOM, spotField1TOM, spotField2TOM, sumRMS_TOM, sumRMS_Zemax, V0TOM, V1TOM, V2TOM, V0Zemax, V1Zemax, V2Zemax, stepV0, stepV1, stepV2;0,000000;0,000345;0,000028;0,000600;0,000973;92,000000;469,609947;489,122984;546,745280;1505,478211;276,124000;13,200000;-30,000000;-25,000000;15,502000;-30,000000;-20,000000;4,100000;999,000000;999,000000
numOptSys, timeToGetBestOptSys, time convert, seidelTime, evaluatedOptSys, spotOptAxisTOM, spotField1TOM, spotField2TOM, sumRMS_TOM, sumRMS_Zemax, V0TOM, V1TOM, V2TOM, V0Zemax, V1Zemax, V2Zemax, stepV0, stepV1, stepV2;0,000000;0,000343;0,000029;0,000644;0,001016;94,000000;114,428118;115,319436;127,612226;357,359781;276,124000;16,000000;-30,000000;-25,000000;15,502000;-30,000000;-20,000000;4,000000;999,000000;999,000000
numOptSys, timeToGetBestOptSys, time convert, seidelTime, evaluatedOptSys, spotOptAxisTOM, spotField1TOM, spotField2TOM, sumRMS_TOM, sumRMS_Zemax, V0TOM, V1TOM, V2TOM, V0Zemax, V1Zemax, V2Zemax, stepV0, stepV1, stepV2;0,000000;0,000361;0,000031;0,000618;0,001009;97,000000;188,062381;209,031825;267,472818;664,567024;276,124000;14,500000;-30,000000;-25,000000;15,502000;-30,000000;-20,000000;3,900000;999,000000;999,000000
numOptSys, timeToGetBestOptSys, time convert, seidelTime, evaluatedOptSys, spotOptAxisTOM, spotField1TOM, spotField2TOM, sumRMS_TOM, sumRMS_Zemax, V0TOM, V1TOM, V2TOM, V0Zemax, V1Zemax, V2Zemax, stepV0, stepV1, stepV2;0,000000;0,000369;0,000030;0,000619;0,001018;100,000000;200,250155;194,486447;182,290523;577,027125;276,124000;16,600000;-30,000000;-25,000000;15,502000;-30,000000;-20,000000;3,800000;999,000000;999,000000
numOptSys, timeToGetBestOptSys, time convert, seidelTime, evaluatedOptSys, spotOptAxisTOM, spotField1TOM, spotField2TOM, sumRMS_TOM, sumRMS_Zemax, V0TOM, V1TOM, V2TOM, V0Zemax, V1Zemax, V2Zemax, stepV0, stepV1, stepV2;0,000000;0,000384;0,000029;0,000619;0,001032;103,000000;169,403419;190,725289;249,474754;609,603463;276,124000;14,600000;-30,000000;-25,000000;15,502000;-30,000000;-20,000000;3,700000;999,000000;999,000000
numOptSys, timeToGetBestOptSys, time convert, seidelTime, evaluatedOptSys, spotOptAxisTOM, spotField1TOM, spotField2TOM, sumRMS_TOM, sumRMS_Zemax, V0TOM, V1TOM, V2TOM, V0Zemax, V1Zemax, V2Zemax, stepV0, stepV1, stepV2;0,000000;0,000413;0,000033;0,000630;0,001076;105,000000;114,428118;115,319436;127,612226;357,359781;276,124000;16,000000;-30,000000;-25,000000;15,502000;-30,000000;-20,000000;3,600000;999,000000;999,000000
numOptSys, timeToGetBestOptSys, time convert, seidelTime, evaluatedOptSys, spotOptAxisTOM, spotField1TOM, spotField2TOM, sumRMS_TOM, sumRMS_Zemax, V0TOM, V1TOM, V2TOM, V0Zemax, V1Zemax, V2Zemax, stepV0, stepV1, stepV2;0,000000;0,000399;0,000032;0,000643;0,001074;109,000000;398,714305;418,228238;475,512994;1292,455537;276,124000;13,500000;-30,000000;-25,000000;15,502000;-30,000000;-20,000000;3,500000;999,000000;999,000000
numOptSys, timeToGetBestOptSys, time convert, seidelTime, evaluatedOptSys, spotOptAxisTOM, spotField1TOM, spotField2TOM, sumRMS_TOM, sumRMS_Zemax, V0TOM, V1TOM, V2TOM, V0Zemax, V1Zemax, V2Zemax, stepV0, stepV1, stepV2;0,000000;0,000411;0,000032;0,000631;0,001074;111,000000;246,969443;267,166830;324,854308;838,990582;276,124000;14,200000;-30,000000;-25,000000;15,502000;-30,000000;-20,000000;3,400000;999,000000;999,000000
numOptSys, timeToGetBestOptSys, time convert, seidelTime, evaluatedOptSys, spotOptAxisTOM, spotField1TOM, spotField2TOM, sumRMS_TOM, sumRMS_Zemax, V0TOM, V1TOM, V2TOM, V0Zemax, V1Zemax, V2Zemax, stepV0, stepV1, stepV2;0,000000;0,000429;0,000028;0,000652;0,001109;115,000000;188,062381;209,031825;267,472818;664,567024;276,124000;14,500000;-30,000000;-25,000000;15,502000;-30,000000;-20,000000;3,300000;999,000000;999,000000
numOptSys, timeToGetBestOptSys, time convert, seidelTime, evaluatedOptSys, spotOptAxisTOM, spotField1TOM, spotField2TOM, sumRMS_TOM, sumRMS_Zemax, V0TOM, V1TOM, V2TOM, V0Zemax, V1Zemax, V2Zemax, stepV0, stepV1, stepV2;0,000000;0,000426;0,000031;0,000644;0,001101;118,000000;207,239057;227,906591;286,061396;721,207043;276,124000;14,400000;-30,000000;-25,000000;15,502000;-30,000000;-20,000000;3,200000;999,000000;999,000000
numOptSys, timeToGetBestOptSys, time convert, seidelTime, evaluatedOptSys, spotOptAxisTOM, spotField1TOM, spotField2TOM, sumRMS_TOM, sumRMS_Zemax, V0TOM, V1TOM, V2TOM, V0Zemax, V1Zemax, V2Zemax, stepV0, stepV1, stepV2;0,000000;0,000439;0,000037;0,000652;0,001127;123,000000;309,665719;329,422200;386,710309;1025,798229;276,124000;13,900000;-30,000000;-25,000000;15,502000;-30,000000;-20,000000;3,100000;999,000000;999,000000
numOptSys, timeToGetBestOptSys, time convert, seidelTime, evaluatedOptSys, spotOptAxisTOM, spotField1TOM, spotField2TOM, sumRMS_TOM, sumRMS_Zemax, V0TOM, V1TOM, V2TOM, V0Zemax, V1Zemax, V2Zemax, stepV0, stepV1, stepV2;0,000000;0,000453;0,000029;0,000665;0,001148;127,000000;114,428118;115,319436;127,612226;357,359781;276,124000;16,000000;-30,000000;-25,000000;15,502000;-30,000000;-20,000000;3,000000;999,000000;999,000000
numOptSys, timeToGetBestOptSys, time convert, seidelTime, evaluatedOptSys, spotOptAxisTOM, spotField1TOM, spotField2TOM, sumRMS_TOM, sumRMS_Zemax, V0TOM, V1TOM, V2TOM, V0Zemax, V1Zemax, V2Zemax, stepV0, stepV1, stepV2;0,000000;0,000464;0,000029;0,000679;0,001172;130,000000;169,403419;190,725289;249,474754;609,603463;276,124000;14,600000;-30,000000;-25,000000;15,502000;-30,000000;-20,000000;2,900000;999,000000;999,000000
numOptSys, timeToGetBestOptSys, time convert, seidelTime, evaluatedOptSys, spotOptAxisTOM, spotField1TOM, spotField2TOM, sumRMS_TOM, sumRMS_Zemax, V0TOM, V1TOM, V2TOM, V0Zemax, V1Zemax, V2Zemax, stepV0, stepV1, stepV2;0,000000;0,000500;0,000031;0,000693;0,001223;135,000000;69,290151;82,904997;124,784510;276,979659;276,124000;15,600000;-30,000000;-25,000000;15,502000;-30,000000;-20,000000;2,800000;999,000000;999,000000
numOptSys, timeToGetBestOptSys, time convert, seidelTime, evaluatedOptSys, spotOptAxisTOM, spotField1TOM, spotField2TOM, sumRMS_TOM, sumRMS_Zemax, V0TOM, V1TOM, V2TOM, V0Zemax, V1Zemax, V2Zemax, stepV0, stepV1, stepV2;0,000000;0,000501;0,000030;0,000700;0,001231;141,000000;114,428118;115,319436;127,612226;357,359781;276,124000;16,000000;-30,000000;-25,000000;15,502000;-30,000000;-20,000000;2,700000;999,000000;999,000000
numOptSys, timeToGetBestOptSys, time convert, seidelTime, evaluatedOptSys, spotOptAxisTOM, spotField1TOM, spotField2TOM, sumRMS_TOM, sumRMS_Zemax, V0TOM, V1TOM, V2TOM, V0Zemax, V1Zemax, V2Zemax, stepV0, stepV1, stepV2;0,000000;0,000531;0,000036;0,000689;0,001255;146,000000;88,708292;94,785580;121,469516;304,963389;276,124000;15,800000;-30,000000;-25,000000;15,502000;-30,000000;-20,000000;2,600000;999,000000;999,000000
numOptSys, timeToGetBestOptSys, time convert, seidelTime, evaluatedOptSys, spotOptAxisTOM, spotField1TOM, spotField2TOM, sumRMS_TOM, sumRMS_Zemax, V0TOM, V1TOM, V2TOM, V0Zemax, V1Zemax, V2Zemax, stepV0, stepV1, stepV2;0,000000;0,000534;0,000032;0,000711;0,001276;152,000000;102,085393;125,210031;184,716530;412,011954;276,124000;15,000000;-30,000000;-25,000000;15,502000;-30,000000;-20,000000;2,500000;999,000000;999,000000
numOptSys, timeToGetBestOptSys, time convert, seidelTime, evaluatedOptSys, spotOptAxisTOM, spotField1TOM, spotField2TOM, sumRMS_TOM, sumRMS_Zemax, V0TOM, V1TOM, V2TOM, V0Zemax, V1Zemax, V2Zemax, stepV0, stepV1, stepV2;0,000000;0,000576;0,000032;0,000713;0,001320;158,000000;114,428118;115,319436;127,612226;357,359781;276,124000;16,000000;-30,000000;-25,000000;15,502000;-30,000000;-20,000000;2,400000;999,000000;999,000000
numOptSys, timeToGetBestOptSys, time convert, seidelTime, evaluatedOptSys, spotOptAxisTOM, spotField1TOM, spotField2TOM, sumRMS_TOM, sumRMS_Zemax, V0TOM, V1TOM, V2TOM, V0Zemax, V1Zemax, V2Zemax, stepV0, stepV1, stepV2;0,000000;0,000568;0,000035;0,000715;0,001318;164,000000;309,665719;329,422200;386,710309;1025,798229;276,124000;13,900000;-30,000000;-25,000000;15,502000;-30,000000;-20,000000;2,300000;999,000000;999,000000
numOptSys, timeToGetBestOptSys, time convert, seidelTime, evaluatedOptSys, spotOptAxisTOM, spotField1TOM, spotField2TOM, sumRMS_TOM, sumRMS_Zemax, V0TOM, V1TOM, V2TOM, V0Zemax, V1Zemax, V2Zemax, stepV0, stepV1, stepV2;0,000000;0,000586;0,000033;0,000730;0,001349;172,000000;69,290151;82,904997;124,784510;276,979659;276,124000;15,600000;-30,000000;-25,000000;15,502000;-30,000000;-20,000000;2,200000;999,000000;999,000000
numOptSys, timeToGetBestOptSys, time convert, seidelTime, evaluatedOptSys, spotOptAxisTOM, spotField1TOM, spotField2TOM, sumRMS_TOM, sumRMS_Zemax, V0TOM, V1TOM, V2TOM, V0Zemax, V1Zemax, V2Zemax, stepV0, stepV1, stepV2;0,000000;0,000614;0,000031;0,000710;0,001355;181,000000;246,969443;267,166830;324,854308;838,990582;276,124000;14,200000;-30,000000;-25,000000;15,502000;-30,000000;-20,000000;2,100000;999,000000;999,000000
numOptSys, timeToGetBestOptSys, time convert, seidelTime, evaluatedOptSys, spotOptAxisTOM, spotField1TOM, spotField2TOM, sumRMS_TOM, sumRMS_Zemax, V0TOM, V1TOM, V2TOM, V0Zemax, V1Zemax, V2Zemax, stepV0, stepV1, stepV2;0,000000;0,000639;0,000035;0,000724;0,001398;190,000000;288,371060;308,244810;365,625779;962,241649;276,124000;14,000000;-30,000000;-25,000000;15,502000;-30,000000;-20,000000;2,000000;999,000000;999,000000
numOptSys, timeToGetBestOptSys, time convert, seidelTime, evaluatedOptSys, spotOptAxisTOM, spotField1TOM, spotField2TOM, sumRMS_TOM, sumRMS_Zemax, V0TOM, V1TOM, V2TOM, V0Zemax, V1Zemax, V2Zemax, stepV0, stepV1, stepV2;0,000000;0,000664;0,000043;0,000745;0,001451;200,000000;151,333974;173,060739;232,120710;556,515423;276,124000;14,700000;-30,000000;-25,000000;15,502000;-30,000000;-20,000000;1,900000;999,000000;999,000000
numOptSys, timeToGetBestOptSys, time convert, seidelTime, evaluatedOptSys, spotOptAxisTOM, spotField1TOM, spotField2TOM, sumRMS_TOM, sumRMS_Zemax, V0TOM, V1TOM, V2TOM, V0Zemax, V1Zemax, V2Zemax, stepV0, stepV1, stepV2;0,000000;0,000729;0,000033;0,000746;0,001509;211,000000;246,969443;267,166830;324,854308;838,990582;276,124000;14,200000;-30,000000;-25,000000;15,502000;-30,000000;-20,000000;1,800000;999,000000;999,000000
numOptSys, timeToGetBestOptSys, time convert, seidelTime, evaluatedOptSys, spotOptAxisTOM, spotField1TOM, spotField2TOM, sumRMS_TOM, sumRMS_Zemax, V0TOM, V1TOM, V2TOM, V0Zemax, V1Zemax, V2Zemax, stepV0, stepV1, stepV2;0,000000;0,000749;0,000034;0,000749;0,001532;223,000000;246,969443;267,166830;324,854308;838,990582;276,124000;14,200000;-30,000000;-25,000000;15,502000;-30,000000;-20,000000;1,700000;999,000000;999,000000
numOptSys, timeToGetBestOptSys, time convert, seidelTime, evaluatedOptSys, spotOptAxisTOM, spotField1TOM, spotField2TOM, sumRMS_TOM, sumRMS_Zemax, V0TOM, V1TOM, V2TOM, V0Zemax, V1Zemax, V2Zemax, stepV0, stepV1, stepV2;0,000000;0,000780;0,000037;0,000772;0,001588;236,000000;207,239057;227,906591;286,061396;721,207043;276,124000;14,400000;-30,000000;-25,000000;15,502000;-30,000000;-20,000000;1,600000;999,000000;999,000000
numOptSys, timeToGetBestOptSys, time convert, seidelTime, evaluatedOptSys, spotOptAxisTOM, spotField1TOM, spotField2TOM, sumRMS_TOM, sumRMS_Zemax, V0TOM, V1TOM, V2TOM, V0Zemax, V1Zemax, V2Zemax, stepV0, stepV1, stepV2;0,000000;0,000828;0,000035;0,000850;0,001714;253,000000;188,062381;209,031825;267,472818;664,567024;276,124000;14,500000;-30,000000;-25,000000;15,502000;-30,000000;-20,000000;1,500000;999,000000;999,000000
numOptSys, timeToGetBestOptSys, time convert, seidelTime, evaluatedOptSys, spotOptAxisTOM, spotField1TOM, spotField2TOM, sumRMS_TOM, sumRMS_Zemax, V0TOM, V1TOM, V2TOM, V0Zemax, V1Zemax, V2Zemax, stepV0, stepV1, stepV2;0,000000;0,000877;0,000033;0,000773;0,001683;271,000000;246,969443;267,166830;324,854308;838,990582;276,124000;14,200000;-30,000000;-25,000000;15,502000;-30,000000;-20,000000;1,400000;999,000000;999,000000
numOptSys, timeToGetBestOptSys, time convert, seidelTime, evaluatedOptSys, spotOptAxisTOM, spotField1TOM, spotField2TOM, sumRMS_TOM, sumRMS_Zemax, V0TOM, V1TOM, V2TOM, V0Zemax, V1Zemax, V2Zemax, stepV0, stepV1, stepV2;0,000000;0,000898;0,000033;0,000789;0,001720;292,000000;188,062381;209,031825;267,472818;664,567024;276,124000;14,500000;-30,000000;-25,000000;15,502000;-30,000000;-20,000000;1,300000;999,000000;999,000000
numOptSys, timeToGetBestOptSys, time convert, seidelTime, evaluatedOptSys, spotOptAxisTOM, spotField1TOM, spotField2TOM, sumRMS_TOM, sumRMS_Zemax, V0TOM, V1TOM, V2TOM, V0Zemax, V1Zemax, V2Zemax, stepV0, stepV1, stepV2;0,000000;0,001012;0,000032;0,000803;0,001847;317,000000;133,962997;156,142852;215,479715;505,585565;276,124000;14,800000;-30,000000;-25,000000;15,502000;-30,000000;-20,000000;1,200000;999,000000;999,000000
numOptSys, timeToGetBestOptSys, time convert, seidelTime, evaluatedOptSys, spotOptAxisTOM, spotField1TOM, spotField2TOM, sumRMS_TOM, sumRMS_Zemax, V0TOM, V1TOM, V2TOM, V0Zemax, V1Zemax, V2Zemax, stepV0, stepV1, stepV2;0,000000;0,001063;0,000038;0,000834;0,001936;345,000000;188,062381;209,031825;267,472818;664,567024;276,124000;14,500000;-30,000000;-25,000000;15,502000;-30,000000;-20,000000;1,100000;999,000000;999,000000
numOptSys, timeToGetBestOptSys, time convert, seidelTime, evaluatedOptSys, spotOptAxisTOM, spotField1TOM, spotField2TOM, sumRMS_TOM, sumRMS_Zemax, V0TOM, V1TOM, V2TOM, V0Zemax, V1Zemax, V2Zemax, stepV0, stepV1, stepV2;0,000000;0,001136;0,000033;0,000860;0,002030;380,000000;102,085393;125,210031;184,716530;412,011954;276,124000;15,000000;-30,000000;-25,000000;15,502000;-30,000000;-20,000000;1,000000;999,000000;999,000000
numOptSys, timeToGetBestOptSys, time convert, seidelTime, evaluatedOptSys, spotOptAxisTOM, spotField1TOM, spotField2TOM, sumRMS_TOM, sumRMS_Zemax, V0TOM, V1TOM, V2TOM, V0Zemax, V1Zemax, V2Zemax, stepV0, stepV1, stepV2;0,000000;0,001225;0,000036;0,000809;0,002070;422,000000;88,261382;111,714949;170,851399;370,827729;276,124000;15,100000;-30,000000;-25,000000;15,502000;-30,000000;-20,000000;0,900000;999,000000;999,000000
numOptSys, timeToGetBestOptSys, time convert, seidelTime, evaluatedOptSys, spotOptAxisTOM, spotField1TOM, spotField2TOM, sumRMS_TOM, sumRMS_Zemax, V0TOM, V1TOM, V2TOM, V0Zemax, V1Zemax, V2Zemax, stepV0, stepV1, stepV2;0,000000;0,001403;0,000035;0,000835;0,002273;474,000000;76,636032;100,060208;158,223839;334,920080;276,124000;15,200000;-30,000000;-25,000000;15,502000;-30,000000;-20,000000;0,800000;999,000000;999,000000
numOptSys, timeToGetBestOptSys, time convert, seidelTime, evaluatedOptSys, spotOptAxisTOM, spotField1TOM, spotField2TOM, sumRMS_TOM, sumRMS_Zemax, V0TOM, V1TOM, V2TOM, V0Zemax, V1Zemax, V2Zemax, stepV0, stepV1, stepV2;0,000000;0,001572;0,000030;0,000832;0,002434;543,000000;117,458720;140,121165;199,640508;457,220392;276,124000;14,900000;-30,000000;-25,000000;15,502000;-30,000000;-20,000000;0,700000;999,000000;999,000000
numOptSys, timeToGetBestOptSys, time convert, seidelTime, evaluatedOptSys, spotOptAxisTOM, spotField1TOM, spotField2TOM, sumRMS_TOM, sumRMS_Zemax, V0TOM, V1TOM, V2TOM, V0Zemax, V1Zemax, V2Zemax, stepV0, stepV1, stepV2;0,000000;0,001869;0,000035;0,000868;0,002772;633,000000;133,962997;156,142852;215,479715;505,585565;276,124000;14,800000;-30,000000;-25,000000;15,502000;-30,000000;-20,000000;0,600000;999,000000;999,000000
numOptSys, timeToGetBestOptSys, time convert, seidelTime, evaluatedOptSys, spotOptAxisTOM, spotField1TOM, spotField2TOM, sumRMS_TOM, sumRMS_Zemax, V0TOM, V1TOM, V2TOM, V0Zemax, V1Zemax, V2Zemax, stepV0, stepV1, stepV2;0,000000;0,002194;0,000029;0,000878;0,003102;760,000000;102,085393;125,210031;184,716530;412,011954;276,124000;15,000000;-30,000000;-25,000000;15,502000;-30,000000;-20,000000;0,500000;999,000000;999,000000
numOptSys, timeToGetBestOptSys, time convert, seidelTime, evaluatedOptSys, spotOptAxisTOM, spotField1TOM, spotField2TOM, sumRMS_TOM, sumRMS_Zemax, V0TOM, V1TOM, V2TOM, V0Zemax, V1Zemax, V2Zemax, stepV0, stepV1, stepV2;0,000000;0,002655;0,000043;0,000882;0,003580;950,000000;133,962997;156,142852;215,479715;505,585565;276,124000;14,800000;-30,000000;-25,000000;15,502000;-30,000000;-20,000000;0,400000;999,000000;999,000000
numOptSys, timeToGetBestOptSys, time convert, seidelTime, evaluatedOptSys, spotOptAxisTOM, spotField1TOM, spotField2TOM, sumRMS_TOM, sumRMS_Zemax, V0TOM, V1TOM, V2TOM, V0Zemax, V1Zemax, V2Zemax, stepV0, stepV1, stepV2;0,000000;0,003588;0,000032;0,000865;0,004486;1267,000000;133,962997;156,142852;215,479715;505,585565;276,124000;14,800000;-30,000000;-25,000000;15,502000;-30,000000;-20,000000;0,300000;999,000000;999,000000
numOptSys, timeToGetBestOptSys, time convert, seidelTime, evaluatedOptSys, spotOptAxisTOM, spotField1TOM, spotField2TOM, sumRMS_TOM, sumRMS_Zemax, V0TOM, V1TOM, V2TOM, V0Zemax, V1Zemax, V2Zemax, stepV0, stepV1, stepV2;0,000000;0,005566;0,000035;0,000941;0,006542;1900,000000;133,962997;156,142852;215,479715;505,585565;276,124000;14,800000;-30,000000;-25,000000;15,502000;-30,000000;-20,000000;0,200000;999,000000;999,000000
